{
  "ch": "market.btcusdt.kline.1min",
  "ts": 1489474082831,
  "tick": {
    "id": 1489464480,
    "amount": 49527.52,
    "count": 4,
    "open": 0.001161,
    "close": 0.001163,
    "low": 0.001157,
    "high": 0.001163,
    "vol": 57.5213654
  }
}